﻿{
	"name": "Caballo_Fullscreen",
	"version": "1.1.1",
	"description": "Salto del Caballo, el pasatiempo clásico.",
	"id": "com.josemoyablogspotcom.caballofull",
	"viewport-width": 800,
	"viewport-height": 600,
	"author": "Jose Gabriel Moya Yangüela",
	"email": "saltocaballo@apagada.com",
	"website": "http://josemoya.blogspot.com",
	"orientations": "any",
	"c2version": "253",
	"used-plugins": [
		"AJAX",
		"Arr",
		"Browser",
		"Keyboard",
		"Mouse",
		"Sprite",
		"Text",
		"TiledBg",
		"Touch"
	],
	"used-behaviors": [
		"Flash"
	]
}